id,first_name,last_name
1,Jacqueline,B.
2,Sean,N.
3,Jimmy,A.
4,Judy,L.
5,Scott,O.
6,Marie,C.
7,Rose,N.
8,Fred,P.
9,Kathleen,M.
10,Theresa,D.
11,Elizabeth,T.
12,Jennifer,H.
13,Theresa,H.
14,Harold,N.
15,Benjamin,K.
16,Benjamin,J.
17,Victor,S.
18,Anne,A.
19,Gloria,G.
20,Jack,W.
21,Margaret,M.
22,Gerald,C.
23,Willie,E.
24,Adam,H.
25,Jennifer,B.
26,Theresa,S.
27,Harry,S.
28,Lisa,D.
29,Jesse,E.
30,Billy,E.
31,Edward,G.
32,Virginia,F.
33,Louise,J.
34,Laura,O.
35,Howard,D.
36,Kathryn,A.
37,Mary,G.
38,Martin,B.
39,Jack,B.
40,Katherine,K.
41,Alan,E.
42,Marie,L.
43,Victor,K.
44,Jennifer,L.
45,Nicholas,S.
46,Margaret,N.
47,Steve,G.
48,Arthur,F.
49,Laura,M.
50,Harry,J.
51,Laura,R.
52,Jesse,J.
53,Jimmy,G.
54,Jennifer,O.
55,Jack,F.
56,David,C.
57,Margaret,R.
58,Virginia,M.
59,Jennifer,C.
60,Jacqueline,D.
61,Arthur,J.
62,Virginia,T.
63,Mildred,O.
64,Adam,F.
65,Shirley,M.
66,Lillian,S.
67,Anna,T.
68,Barbara,G.
69,Brenda,G.
70,Marie,K.
71,Andrea,C.
72,Laura,F.
73,Fred,T.
74,Nicole,L.
75,Adam,O.
76,Mildred,C.
77,Phillip,C.
78,Paul,W.
79,Gerald,H.
80,Gregory,B.
81,Jane,E.
82,Alan,P.
83,Alan,F.
84,Anne,H.
85,Arthur,W.
86,Katherine,P.
87,Andrea,S.
88,Janet,E.
89,Rose,M.
90,Katherine,M.
91,Margaret,W.
92,Lisa,P.
93,Rose,C.
94,Theresa,O.
95,Dennis,B.
96,Gloria,J.
97,Willie,T.
98,Howard,L.
99,Scott,N.
100,Elizabeth,N.
101,Jacqueline,J.
102,Henry,W.
103,Paul,K.
104,Lillian,C.
105,Jimmy,S.
106,Joshua,H.
107,Maria,T.
108,Paul,O.
109,Edward,A.
110,Jason,O.
111,Phillip,S.
112,Anna,A.
113,Kathleen,F.
114,Amy,O.
115,Lillian,T.
116,Virginia,L.
117,Henry,T.
118,Paul,W.
119,Frances,T.
120,Jesse,N.
121,Rose,L.
122,Andrea,C.
123,Jane,E.
124,Kimberly,F.
125,Gerald,F.
126,Alan,L.
127,Louise,C.
128,Frank,P.
129,Rose,B.
130,Louise,G.
131,Kathryn,M.
132,Andrea,E.
133,Helen,G.
134,Phillip,J.
135,Teresa,J.
136,Johnny,F.
137,Jesse,B.
138,Gerald,C.
139,Jacqueline,F.
140,Jesse,H.
141,Christina,O.
142,Jesse,N.
143,Howard,A.
144,Joshua,P.
145,Todd,T.
146,Theresa,R.
147,Gloria,G.
148,Elizabeth,M.
149,Janet,E.
150,Adam,O.
151,Dennis,S.
152,Janet,E.
153,Scott,B.
154,Virginia,T.
155,Amy,N.
156,Jesse,P.
157,Helen,A.
158,Harold,L.
159,Jane,P.
160,Laura,W.
161,Benjamin,W.
162,Sean,F.
163,Nicholas,W.
164,Billy,O.
165,Jean,F.
166,Brenda,W.
167,Michael,H.
168,Edward,H.
169,Gregory,F.
170,Teresa,W.
171,Scott,O.
172,Lillian,P.
173,Jennifer,J.
174,Diana,W.
175,Scott,C.
176,Gregory,D.
177,Laura,D.
178,Barbara,M.
179,Todd,M.
180,Howard,N.
181,Janet,M.
182,Alan,T.
183,Victor,B.
184,Gerald,P.
185,Martin,A.
186,Benjamin,B.
187,Laura,P.
188,Howard,L.
189,Aaron,T.
190,Katherine,L.
191,Joshua,O.
192,Jean,P.
193,Gloria,D.
194,Jennifer,D.
195,Howard,W.
196,Joshua,O.
197,Lillian,K.
198,Joshua,T.
199,Shirley,T.
200,Phillip,W.
201,Edward,S.
202,Theresa,R.
203,Sean,F.
204,Jennifer,A.
205,Aaron,F.
206,Henry,N.
207,Arthur,P.
208,Louise,B.
209,Dennis,E.
210,Teresa,R.
211,Nicholas,G.
212,Harry,N.
213,Jacqueline,G.
214,Kimberly,T.
215,Teresa,A.
216,Amy,C.
217,Frank,T.
218,Helen,C.
219,Johnny,R.
220,Aaron,T.
221,Margaret,R.
222,Phillip,A.
223,Gerald,L.
224,Jason,W.
225,Laura,O.
226,Amy,H.
227,Shirley,W.
228,Katherine,L.
229,Lillian,H.
230,Andrea,K.
231,Jacqueline,D.
232,Anna,R.
233,Jean,P.
234,Margaret,B.
235,Todd,F.
236,Johnny,S.
237,Phillip,G.
238,Michael,W.
239,Dennis,L.
240,Fred,H.
241,Thomas,W.
242,Kathleen,J.
243,Howard,L.
244,Thomas,H.
245,Sara,G.
246,Frank,G.
247,Shawn,N.
248,Gregory,L.
249,Mary,N.
250,Louise,F.
251,Elizabeth,O.
252,Jane,L.
253,Diana,T.
254,Laura,E.
255,Helen,L.
256,Adam,P.
257,Steve,G.
258,Arthur,D.
259,Sean,K.
260,Amy,G.
261,Scott,N.
262,Andrea,C.
263,Victor,W.
264,Anne,S.
265,Barbara,G.
266,Marie,N.
267,Timothy,N.
268,Elizabeth,F.
269,Louise,P.
270,Sarah,W.
271,Dennis,T.
272,Nicole,H.
273,Harold,M.
274,Arthur,G.
275,Anne,J.
276,Anne,M.
277,Howard,T.
278,Edward,G.
279,Louise,O.
280,Amy,C.
281,Howard,B.
282,Laura,T.
283,Fred,S.
284,Christina,W.
285,Michael,A.
286,Aaron,A.
287,Nicole,T.
288,Jesse,G.
289,Shirley,P.
290,Jason,E.
291,Shirley,S.
292,Alan,S.
293,Alan,N.
294,Margaret,L.
295,Timothy,L.
296,Aaron,F.
297,Teresa,P.
298,Michael,S.
299,Virginia,F.
300,Thomas,F.
