id,order_id,payment_method,amount
1,1,coupon,800
2,1,gift_card,100
3,1,bank_transfer,100
4,2,bank_transfer,600
5,3,bank_transfer,600
6,4,gift_card,800
7,5,gift_card,300
8,5,bank_transfer,600
9,6,coupon,400
10,6,bank_transfer,400
11,7,gift_card,300
12,7,credit_card,300
13,8,bank_transfer,100
14,8,credit_card,400
15,8,bank_transfer,400
16,9,credit_card,100
17,10,credit_card,800
18,10,coupon,100
19,11,bank_transfer,700
20,11,bank_transfer,100
21,12,coupon,700
22,12,bank_transfer,200
23,12,gift_card,100
24,13,gift_card,600
25,13,gift_card,200
26,13,bank_transfer,100
27,14,bank_transfer,300
28,14,credit_card,400
29,14,bank_transfer,200
30,15,gift_card,100
31,15,gift_card,600
32,15,gift_card,100
33,16,bank_transfer,100
34,16,credit_card,400
35,16,gift_card,500
36,17,bank_transfer,600
37,18,credit_card,500
38,18,credit_card,100
39,19,credit_card,100
40,20,gift_card,400
41,20,bank_transfer,100
42,21,coupon,600
43,21,gift_card,100
44,21,coupon,100
45,22,coupon,600
46,22,credit_card,100
47,22,gift_card,200
48,23,coupon,200
49,23,coupon,100
50,24,coupon,400
51,25,coupon,100
52,26,credit_card,400
53,26,credit_card,100
54,26,credit_card,300
55,27,gift_card,500
56,28,credit_card,600
57,28,coupon,100
58,28,bank_transfer,100
59,29,coupon,500
60,30,bank_transfer,300
61,31,gift_card,700
62,31,coupon,200
63,32,coupon,600
64,32,gift_card,300
65,32,coupon,100
66,33,bank_transfer,600
67,33,gift_card,100
68,33,bank_transfer,100
69,34,gift_card,400
70,34,credit_card,100
71,34,credit_card,400
72,35,credit_card,100
73,36,credit_card,800
74,37,gift_card,700
75,37,coupon,100
76,37,gift_card,200
77,38,bank_transfer,200
78,39,credit_card,200
79,39,credit_card,500
80,40,credit_card,100
81,41,gift_card,700
82,41,coupon,100
83,41,gift_card,100
84,42,bank_transfer,800
85,43,coupon,100
86,44,bank_transfer,500
87,44,coupon,100
88,44,gift_card,300
89,45,gift_card,700
90,45,bank_transfer,100
91,45,bank_transfer,200
92,46,coupon,400
93,46,bank_transfer,500
94,47,credit_card,400
95,47,bank_transfer,400
96,47,bank_transfer,100
97,48,bank_transfer,100
98,49,bank_transfer,500
99,50,credit_card,800
100,50,gift_card,100
101,51,credit_card,800
102,52,bank_transfer,400
103,52,bank_transfer,300
104,53,gift_card,200
105,54,gift_card,800
106,54,coupon,100
107,54,bank_transfer,100
108,55,coupon,800
109,56,bank_transfer,300
110,56,credit_card,200
111,56,credit_card,400
112,57,bank_transfer,800
113,57,coupon,100
114,58,coupon,600
115,59,gift_card,800
116,59,credit_card,100
117,60,gift_card,600
118,61,coupon,400
119,62,credit_card,300
120,62,coupon,400
121,62,credit_card,300
122,63,coupon,500
123,64,coupon,400
124,65,gift_card,500
125,65,bank_transfer,100
126,66,credit_card,800
127,67,coupon,600
128,68,coupon,300
129,68,credit_card,400
130,68,credit_card,300
131,69,gift_card,800
132,69,credit_card,100
133,70,coupon,200
134,71,bank_transfer,400
135,72,credit_card,500
136,72,bank_transfer,200
137,72,gift_card,200
138,73,credit_card,800
139,74,credit_card,500
140,75,gift_card,500
141,76,credit_card,300
142,76,coupon,500
143,76,credit_card,200
144,77,coupon,700
145,77,gift_card,100
146,78,gift_card,300
147,78,coupon,300
148,78,bank_transfer,200
149,79,coupon,200
150,79,credit_card,400
151,80,credit_card,400
152,80,gift_card,500
153,80,bank_transfer,100
154,81,bank_transfer,100
155,81,coupon,100
156,81,credit_card,700
157,82,bank_transfer,200
158,82,credit_card,300
159,83,credit_card,300
160,83,bank_transfer,600
161,83,bank_transfer,100
162,84,gift_card,100
163,84,coupon,700
164,85,coupon,200
165,85,bank_transfer,400
166,86,bank_transfer,700
167,86,coupon,100
168,87,credit_card,400
169,87,credit_card,400
170,87,coupon,100
171,88,credit_card,300
172,89,coupon,400
173,89,bank_transfer,500
174,89,coupon,100
175,90,gift_card,400
176,90,bank_transfer,500
177,91,gift_card,800
178,91,coupon,100
179,91,coupon,100
180,92,coupon,200
181,92,bank_transfer,200
182,93,credit_card,600
183,93,bank_transfer,300
184,94,bank_transfer,300
185,94,coupon,200
186,95,coupon,800
187,95,credit_card,100
188,96,coupon,300
189,97,gift_card,400
190,97,gift_card,300
191,98,bank_transfer,200
192,99,coupon,500
193,99,gift_card,200
194,99,gift_card,200
195,100,bank_transfer,600
196,100,bank_transfer,300
197,100,bank_transfer,100
198,101,gift_card,200
199,102,credit_card,200
200,102,credit_card,600
201,103,coupon,600
202,103,coupon,100
203,104,coupon,500
204,105,bank_transfer,500
205,106,gift_card,200
206,106,gift_card,600
207,107,gift_card,500
208,107,bank_transfer,100
209,107,gift_card,200
210,108,credit_card,800
211,108,coupon,100
212,108,coupon,100
213,109,coupon,400
214,109,coupon,300
215,110,coupon,700
216,111,coupon,100
217,111,coupon,700
218,112,coupon,400
219,113,gift_card,600
220,113,coupon,300
221,113,bank_transfer,100
222,114,credit_card,500
223,114,coupon,300
224,115,gift_card,500
225,115,gift_card,100
226,115,coupon,100
227,116,coupon,300
228,116,coupon,200
229,116,credit_card,400
230,117,bank_transfer,600
231,118,coupon,100
232,118,gift_card,300
233,118,credit_card,300
234,119,coupon,600
235,120,gift_card,100
236,121,bank_transfer,100
237,121,credit_card,800
238,122,bank_transfer,400
239,122,credit_card,300
240,122,bank_transfer,300
241,123,coupon,700
242,123,coupon,200
243,124,credit_card,400
244,124,credit_card,100
245,124,coupon,500
246,125,credit_card,200
247,126,coupon,100
248,127,gift_card,800
249,127,gift_card,100
250,128,credit_card,200
251,128,credit_card,600
252,128,bank_transfer,200
253,129,gift_card,700
254,129,gift_card,200
255,129,bank_transfer,100
256,130,gift_card,500
257,131,credit_card,700
258,132,credit_card,200
259,132,credit_card,700
260,133,credit_card,100
261,134,bank_transfer,400
262,134,credit_card,400
263,134,coupon,200
264,135,coupon,100
265,135,credit_card,700
266,136,credit_card,200
267,136,gift_card,300
268,136,coupon,300
269,137,credit_card,600
270,137,bank_transfer,200
271,137,bank_transfer,100
272,138,credit_card,600
273,138,bank_transfer,100
274,139,credit_card,600
275,139,gift_card,200
276,139,credit_card,200
277,140,bank_transfer,300
278,140,coupon,100
279,140,gift_card,300
280,141,coupon,600
281,141,bank_transfer,100
282,142,coupon,400
283,142,gift_card,200
284,142,coupon,100
285,143,gift_card,200
286,144,bank_transfer,300
287,144,coupon,500
288,144,gift_card,200
289,145,coupon,500
290,145,gift_card,100
291,145,coupon,300
292,146,coupon,800
293,146,credit_card,100
294,147,bank_transfer,300
295,148,coupon,100
296,148,gift_card,800
297,149,coupon,500
298,150,coupon,100
299,150,gift_card,100
300,151,coupon,300
301,151,gift_card,500
302,151,credit_card,200
303,152,bank_transfer,500
304,152,bank_transfer,300
305,153,bank_transfer,700
306,153,credit_card,200
307,154,credit_card,400
308,154,credit_card,300
309,155,gift_card,500
310,155,gift_card,100
311,156,bank_transfer,300
312,156,bank_transfer,200
313,156,credit_card,200
314,157,bank_transfer,200
315,158,credit_card,100
316,158,bank_transfer,300
317,158,bank_transfer,200
318,159,coupon,700
319,159,gift_card,100
320,159,gift_card,100
321,160,coupon,400
322,160,credit_card,400
323,161,credit_card,800
324,162,bank_transfer,800
325,163,coupon,700
326,164,gift_card,400
327,164,gift_card,300
328,164,coupon,200
329,165,credit_card,800
330,166,credit_card,800
331,167,credit_card,600
332,168,bank_transfer,700
333,168,coupon,100
334,169,coupon,700
335,169,bank_transfer,100
336,169,gift_card,100
337,170,gift_card,800
338,170,coupon,100
339,171,gift_card,100
340,172,gift_card,300
341,172,bank_transfer,600
342,173,bank_transfer,100
343,174,credit_card,400
344,175,gift_card,400
345,175,credit_card,100
346,175,credit_card,100
347,176,credit_card,100
348,176,bank_transfer,600
349,176,coupon,300
350,177,credit_card,300
351,178,coupon,700
352,179,bank_transfer,400
353,179,credit_card,300
354,180,gift_card,300
355,181,gift_card,700
356,182,gift_card,500
357,182,coupon,100
358,183,credit_card,400
359,183,bank_transfer,300
360,183,gift_card,300
361,184,bank_transfer,600
362,185,bank_transfer,700
363,185,bank_transfer,100
364,186,credit_card,500
365,186,credit_card,200
366,187,credit_card,600
367,188,bank_transfer,300
368,188,credit_card,300
369,188,bank_transfer,300
370,189,bank_transfer,800
371,189,credit_card,100
372,189,coupon,100
373,190,credit_card,600
374,190,gift_card,300
375,191,bank_transfer,800
376,191,credit_card,100
377,191,gift_card,100
378,192,gift_card,800
379,193,coupon,200
380,194,gift_card,300
381,194,gift_card,500
382,194,coupon,100
383,195,credit_card,200
384,196,credit_card,700
385,197,gift_card,700
386,197,coupon,100
387,198,bank_transfer,400
388,198,bank_transfer,400
389,198,credit_card,200
390,199,credit_card,100
391,200,coupon,400
392,200,credit_card,500
393,201,gift_card,800
394,201,credit_card,100
395,201,bank_transfer,100
396,202,gift_card,800
397,202,coupon,100
398,202,coupon,100
399,203,coupon,100
400,204,credit_card,300
401,205,gift_card,200
402,206,bank_transfer,300
403,206,bank_transfer,200
404,207,bank_transfer,100
405,208,gift_card,800
406,209,bank_transfer,500
407,209,coupon,400
408,209,gift_card,100
409,210,coupon,700
410,210,credit_card,100
411,210,credit_card,100
412,211,bank_transfer,400
413,211,coupon,100
414,212,coupon,600
415,213,credit_card,600
416,213,credit_card,300
417,213,gift_card,100
418,214,coupon,700
419,214,gift_card,200
420,215,credit_card,500
421,215,coupon,400
422,215,credit_card,100
423,216,gift_card,800
424,216,gift_card,100
425,216,bank_transfer,100
426,217,bank_transfer,700
427,218,gift_card,800
428,218,bank_transfer,100
429,219,credit_card,200
430,219,credit_card,200
431,219,credit_card,100
432,220,credit_card,300
433,221,coupon,400
434,221,credit_card,100
435,221,gift_card,100
436,222,coupon,600
437,223,coupon,100
438,223,gift_card,800
439,223,gift_card,100
440,224,gift_card,200
441,224,coupon,400
442,224,gift_card,200
443,225,gift_card,200
444,225,bank_transfer,600
445,226,coupon,100
446,227,credit_card,700
447,227,gift_card,100
448,227,credit_card,200
449,228,bank_transfer,400
450,228,coupon,500
451,228,credit_card,100
452,229,bank_transfer,400
453,229,credit_card,400
454,230,coupon,700
455,231,bank_transfer,600
456,231,credit_card,100
457,231,credit_card,100
458,232,credit_card,400
459,233,credit_card,600
460,234,coupon,400
461,234,coupon,400
462,235,credit_card,600
463,236,bank_transfer,700
464,236,gift_card,200
465,237,gift_card,400
466,237,gift_card,200
467,238,coupon,700
468,238,bank_transfer,200
469,239,gift_card,800
470,239,gift_card,100
471,240,coupon,400
472,240,gift_card,200
473,240,gift_card,100
474,241,credit_card,100
475,242,coupon,700
476,243,bank_transfer,600
477,243,coupon,100
478,243,gift_card,200
479,244,coupon,500
480,244,bank_transfer,100
481,245,coupon,600
482,245,credit_card,200
483,245,bank_transfer,200
484,246,bank_transfer,500
485,246,bank_transfer,200
486,247,gift_card,400
487,247,bank_transfer,400
488,247,credit_card,100
489,248,coupon,500
490,248,bank_transfer,200
491,249,bank_transfer,700
492,250,bank_transfer,800
493,251,coupon,200
494,251,bank_transfer,300
495,252,credit_card,700
496,252,bank_transfer,100
497,253,gift_card,500
498,253,coupon,200
499,254,coupon,700
500,255,gift_card,200
501,255,gift_card,600
502,256,credit_card,300
503,257,gift_card,400
504,257,gift_card,500
505,258,gift_card,600
506,258,gift_card,100
507,259,coupon,700
508,259,bank_transfer,100
509,260,coupon,300
510,260,gift_card,600
511,260,coupon,100
512,261,gift_card,500
513,261,coupon,300
514,261,coupon,100
515,262,coupon,100
516,263,gift_card,400
517,263,coupon,100
518,264,bank_transfer,600
519,264,bank_transfer,100
520,264,credit_card,300
521,265,credit_card,500
522,265,gift_card,400
523,266,gift_card,300
524,267,gift_card,600
525,267,gift_card,100
526,267,credit_card,100
527,268,bank_transfer,300
528,268,bank_transfer,200
529,269,credit_card,600
530,270,coupon,200
531,271,coupon,700
532,271,gift_card,200
533,272,coupon,500
534,273,coupon,300
535,274,gift_card,400
536,274,bank_transfer,300
537,274,coupon,100
538,275,bank_transfer,800
539,275,gift_card,100
540,275,bank_transfer,100
541,276,coupon,100
542,277,credit_card,400
543,278,bank_transfer,100
544,278,gift_card,300
545,278,bank_transfer,100
546,279,credit_card,600
547,279,bank_transfer,200
548,279,gift_card,200
549,280,credit_card,400
550,280,credit_card,200
551,281,gift_card,400
552,282,bank_transfer,200
553,283,bank_transfer,300
554,283,gift_card,400
555,284,gift_card,800
556,285,credit_card,100
557,286,credit_card,500
558,287,credit_card,300
559,287,gift_card,500
560,288,coupon,300
561,288,bank_transfer,200
562,289,coupon,500
563,289,gift_card,400
564,290,bank_transfer,200
565,290,bank_transfer,600
566,291,bank_transfer,800
567,292,credit_card,800
568,293,credit_card,800
569,293,credit_card,100
570,294,bank_transfer,400
571,294,coupon,400
572,295,bank_transfer,700
573,295,credit_card,100
574,295,credit_card,100
575,296,coupon,800
576,297,gift_card,100
577,298,coupon,700
578,298,coupon,100
579,298,gift_card,200
580,299,credit_card,700
581,299,credit_card,100
582,299,credit_card,200
583,300,coupon,500
584,300,credit_card,300
585,301,gift_card,200
586,301,gift_card,600
587,302,bank_transfer,800
588,302,gift_card,100
589,302,credit_card,100
590,303,credit_card,400
591,303,gift_card,400
592,303,bank_transfer,100
593,304,gift_card,600
594,304,coupon,200
595,304,coupon,100
596,305,credit_card,400
597,305,gift_card,400
598,306,bank_transfer,700
599,306,bank_transfer,100
600,306,credit_card,200
601,307,bank_transfer,600
602,307,credit_card,300
603,307,bank_transfer,100
604,308,coupon,100
605,309,gift_card,200
606,309,bank_transfer,100
607,309,bank_transfer,600
608,310,gift_card,700
609,311,gift_card,700
610,311,credit_card,200
611,312,bank_transfer,100
612,312,bank_transfer,500
613,313,credit_card,500
614,313,bank_transfer,100
615,314,bank_transfer,200
616,314,credit_card,300
617,315,bank_transfer,500
618,316,coupon,700
619,316,bank_transfer,100
620,317,bank_transfer,200
621,318,gift_card,800
622,318,bank_transfer,100
623,318,credit_card,100
624,319,credit_card,400
625,319,bank_transfer,200
626,319,bank_transfer,400
627,320,credit_card,800
628,320,coupon,100
629,321,bank_transfer,100
630,321,credit_card,400
631,322,credit_card,400
632,322,coupon,100
633,322,coupon,100
634,323,gift_card,300
635,323,coupon,300
636,323,bank_transfer,300
637,324,gift_card,500
638,324,bank_transfer,300
639,325,coupon,700
640,325,bank_transfer,200
641,325,bank_transfer,100
642,326,gift_card,600
643,327,gift_card,700
644,327,gift_card,200
645,328,bank_transfer,800
646,329,credit_card,400
647,329,bank_transfer,300
648,329,gift_card,100
649,330,gift_card,300
650,330,bank_transfer,600
651,330,coupon,100
652,331,bank_transfer,500
653,331,gift_card,200
654,332,gift_card,400
655,332,gift_card,500
656,333,coupon,100
657,333,coupon,500
658,333,bank_transfer,200
659,334,gift_card,100
660,335,gift_card,300
661,336,gift_card,300
662,336,coupon,500
663,336,gift_card,100
664,337,gift_card,100
665,337,gift_card,200
666,337,coupon,100
667,338,credit_card,700
668,338,credit_card,200
669,338,bank_transfer,100
670,339,credit_card,700
671,339,credit_card,200
672,340,bank_transfer,800
673,341,credit_card,400
674,341,credit_card,300
675,342,gift_card,200
676,342,credit_card,400
677,343,gift_card,800
678,344,bank_transfer,600
679,344,gift_card,300
680,344,bank_transfer,100
681,345,coupon,500
682,345,gift_card,300
683,346,coupon,700
684,346,bank_transfer,100
685,347,coupon,500
686,347,bank_transfer,300
687,347,credit_card,200
688,348,gift_card,600
689,348,credit_card,300
690,348,credit_card,100
691,349,gift_card,700
692,349,coupon,100
693,349,bank_transfer,100
694,350,bank_transfer,500
695,350,bank_transfer,400
696,351,coupon,100
697,351,bank_transfer,800
698,352,gift_card,500
699,352,credit_card,200
700,352,coupon,100
701,353,bank_transfer,400
702,353,credit_card,200
703,353,coupon,200
704,354,coupon,400
705,355,gift_card,800
706,355,coupon,100
707,356,coupon,200
708,356,coupon,700
709,357,gift_card,100
710,358,bank_transfer,400
711,358,coupon,300
712,358,credit_card,100
713,359,credit_card,600
714,359,gift_card,200
715,359,coupon,100
716,360,gift_card,300
717,360,gift_card,600
718,361,credit_card,600
719,361,bank_transfer,200
720,362,coupon,100
721,363,gift_card,800
722,363,coupon,100
723,364,bank_transfer,400
724,364,gift_card,400
725,364,gift_card,200
726,365,coupon,700
727,365,bank_transfer,200
728,366,bank_transfer,100
729,366,bank_transfer,100
730,367,bank_transfer,600
731,367,coupon,200
732,368,gift_card,200
733,368,credit_card,400
734,368,credit_card,300
735,369,coupon,300
736,370,gift_card,500
737,370,gift_card,200
738,370,credit_card,200
739,371,credit_card,100
740,371,credit_card,500
741,372,credit_card,700
742,373,gift_card,500
743,374,bank_transfer,100
744,375,bank_transfer,300
745,375,credit_card,200
746,375,coupon,300
747,376,gift_card,100
748,376,credit_card,300
749,376,credit_card,400
750,377,gift_card,200
751,378,gift_card,500
752,378,coupon,300
753,378,coupon,100
754,379,credit_card,700
755,379,credit_card,200
756,380,coupon,500
757,381,credit_card,100
758,381,gift_card,300
759,382,gift_card,300
760,382,bank_transfer,500
761,383,credit_card,400
762,383,gift_card,400
763,384,coupon,600
764,385,coupon,400
765,385,coupon,200
766,385,bank_transfer,400
767,386,gift_card,700
768,386,gift_card,100
769,386,credit_card,200
770,387,credit_card,800
771,388,coupon,600
772,388,bank_transfer,300
773,389,credit_card,600
774,390,bank_transfer,800
775,390,coupon,100
776,391,coupon,300
777,391,credit_card,200
778,392,bank_transfer,100
779,392,bank_transfer,800
780,393,credit_card,600
781,393,credit_card,100
782,393,gift_card,100
783,394,gift_card,800
784,394,coupon,100
785,394,bank_transfer,100
786,395,coupon,700
787,395,coupon,200
788,396,bank_transfer,700
789,396,coupon,100
790,397,coupon,400
791,398,coupon,500
792,398,credit_card,400
793,399,coupon,700
794,400,gift_card,500
795,401,credit_card,500
796,401,gift_card,200
797,402,credit_card,100
798,402,gift_card,100
799,403,bank_transfer,600
800,403,credit_card,200
801,403,bank_transfer,200
802,404,gift_card,300
803,405,bank_transfer,500
804,406,coupon,600
805,406,gift_card,100
806,406,bank_transfer,200
807,407,bank_transfer,600
808,408,coupon,100
809,408,bank_transfer,400
810,408,credit_card,500
811,409,bank_transfer,300
812,409,bank_transfer,600
813,409,coupon,100
814,410,coupon,600
815,410,coupon,200
816,410,gift_card,200
817,411,credit_card,200
818,411,gift_card,200
819,411,coupon,100
820,412,gift_card,700
821,412,coupon,100
822,412,bank_transfer,200
823,413,credit_card,500
824,413,bank_transfer,300
825,413,coupon,200
826,414,gift_card,100
827,414,credit_card,100
828,415,coupon,700
829,415,bank_transfer,200
830,415,bank_transfer,100
831,416,coupon,300
832,416,bank_transfer,500
833,417,bank_transfer,800
834,417,bank_transfer,100
835,418,credit_card,300
836,418,bank_transfer,200
837,418,bank_transfer,500
838,419,gift_card,300
839,419,credit_card,400
840,420,bank_transfer,400
841,420,credit_card,200
842,420,credit_card,200
843,421,coupon,600
844,421,coupon,200
845,422,gift_card,600
846,422,credit_card,100
847,422,coupon,200
848,423,credit_card,300
849,424,coupon,200
850,424,credit_card,500
851,425,coupon,100
852,426,gift_card,800
853,427,gift_card,300
854,428,bank_transfer,200
855,429,credit_card,600
856,429,bank_transfer,200
857,429,bank_transfer,100
858,430,credit_card,400
859,430,gift_card,500
860,431,coupon,300
861,431,coupon,600
862,431,credit_card,100
863,432,gift_card,400
864,432,bank_transfer,300
865,432,gift_card,300
866,433,bank_transfer,100
867,433,bank_transfer,600
868,434,gift_card,800
869,434,gift_card,100
870,435,coupon,100
871,435,credit_card,500
872,435,credit_card,400
873,436,credit_card,200
874,436,coupon,100
875,437,credit_card,800
876,437,credit_card,100
877,438,gift_card,600
878,438,credit_card,100
879,439,gift_card,200
880,439,bank_transfer,100
881,439,coupon,500
882,440,bank_transfer,600
883,440,gift_card,300
884,441,credit_card,200
885,441,credit_card,400
886,441,bank_transfer,100
887,442,gift_card,800
888,442,bank_transfer,100
889,442,coupon,100
890,443,credit_card,300
891,443,gift_card,100
892,443,coupon,300
893,444,credit_card,600
894,444,gift_card,300
895,444,coupon,100
896,445,gift_card,600
897,445,credit_card,200
898,446,coupon,400
899,447,gift_card,800
900,447,credit_card,100
901,448,coupon,800
902,448,bank_transfer,100
903,449,bank_transfer,100
904,449,bank_transfer,200
905,449,coupon,100
906,450,bank_transfer,300
907,450,coupon,100
908,451,credit_card,800
909,451,credit_card,100
910,451,gift_card,100
911,452,coupon,100
912,452,credit_card,300
913,453,coupon,100
914,454,bank_transfer,200
915,455,credit_card,300
916,456,coupon,700
917,456,credit_card,200
918,457,credit_card,100
919,457,credit_card,600
920,458,gift_card,500
921,458,credit_card,100
922,458,coupon,400
923,459,credit_card,500
924,459,gift_card,200
925,459,credit_card,200
926,460,credit_card,200
927,461,credit_card,500
928,461,bank_transfer,300
929,462,gift_card,800
930,462,bank_transfer,100
931,463,bank_transfer,300
932,463,bank_transfer,200
933,464,coupon,100
934,464,bank_transfer,800
935,464,gift_card,100
936,465,gift_card,800
937,466,coupon,400
938,466,gift_card,400
939,466,coupon,100
940,467,credit_card,700
941,467,bank_transfer,100
942,468,gift_card,600
943,468,gift_card,200
944,469,gift_card,400
945,469,bank_transfer,200
946,470,coupon,400
947,471,credit_card,800
948,471,credit_card,100
949,472,coupon,600
950,472,gift_card,200
951,473,credit_card,400
952,473,gift_card,200
953,474,credit_card,500
954,474,coupon,100
955,475,coupon,500
956,476,coupon,600
957,477,credit_card,600
958,478,credit_card,200
959,478,credit_card,200
960,478,bank_transfer,300
961,479,credit_card,500
962,480,credit_card,800
963,480,bank_transfer,100
964,481,gift_card,700
965,481,credit_card,100
966,482,bank_transfer,600
967,483,coupon,500
968,483,bank_transfer,100
969,484,gift_card,700
970,484,bank_transfer,200
971,485,credit_card,200
972,485,credit_card,400
973,486,coupon,200
974,486,credit_card,500
975,487,gift_card,300
976,487,bank_transfer,400
977,488,credit_card,700
978,488,bank_transfer,100
979,488,coupon,100
980,489,bank_transfer,400
981,490,credit_card,800
982,490,credit_card,100
983,490,gift_card,100
984,491,credit_card,500
985,491,credit_card,100
986,491,gift_card,400
987,492,bank_transfer,400
988,492,credit_card,500
989,493,coupon,400
990,494,coupon,200
991,494,bank_transfer,400
992,494,credit_card,400
993,495,credit_card,700
994,495,gift_card,200
995,495,coupon,100
996,496,credit_card,300
997,496,coupon,300
998,497,credit_card,200
999,497,credit_card,300
1000,497,coupon,300
1001,498,credit_card,100
1002,499,coupon,400
1003,500,coupon,400
1004,500,gift_card,400
1005,501,coupon,100
1006,502,gift_card,200
1007,502,bank_transfer,100
1008,502,coupon,100
1009,503,coupon,100
1010,503,bank_transfer,400
1011,503,gift_card,400
1012,504,credit_card,400
1013,504,bank_transfer,400
1014,504,gift_card,200
1015,505,bank_transfer,400
1016,505,bank_transfer,500
1017,506,coupon,400
1018,506,credit_card,500
1019,507,coupon,200
1020,507,bank_transfer,300
1021,508,bank_transfer,700
1022,509,coupon,700
1023,509,gift_card,100
1024,510,coupon,300
1025,510,credit_card,100
1026,510,bank_transfer,200
1027,511,credit_card,100
1028,511,credit_card,400
1029,511,coupon,300
1030,512,credit_card,300
1031,512,coupon,500
1032,513,credit_card,600
1033,513,coupon,100
1034,513,coupon,300
1035,514,bank_transfer,200
1036,515,bank_transfer,200
1037,515,bank_transfer,700
1038,515,credit_card,100
1039,516,coupon,200
1040,516,credit_card,200
1041,517,bank_transfer,600
1042,518,credit_card,400
1043,519,bank_transfer,400
1044,520,gift_card,600
1045,520,gift_card,100
1046,521,credit_card,200
1047,521,coupon,100
1048,522,coupon,500
1049,523,coupon,800
1050,524,coupon,200
1051,525,gift_card,500
1052,525,bank_transfer,200
1053,525,coupon,200
1054,526,bank_transfer,600
1055,526,credit_card,100
1056,526,gift_card,200
1057,527,coupon,500
1058,527,credit_card,200
1059,527,coupon,200
1060,528,coupon,800
1061,528,gift_card,100
1062,529,credit_card,500
1063,529,credit_card,200
1064,529,bank_transfer,200
1065,530,bank_transfer,700
1066,531,coupon,700
1067,532,gift_card,400
1068,532,coupon,500
1069,532,bank_transfer,100
1070,533,gift_card,400
1071,533,coupon,400
1072,533,coupon,100
1073,534,bank_transfer,200
1074,535,gift_card,500
1075,535,credit_card,300
1076,535,credit_card,200
1077,536,coupon,600
1078,536,bank_transfer,100
1079,536,coupon,300
1080,537,coupon,100
1081,537,bank_transfer,300
1082,537,gift_card,600
1083,538,coupon,800
1084,538,coupon,100
1085,538,gift_card,100
1086,539,bank_transfer,700
1087,540,coupon,200
1088,540,coupon,200
1089,540,credit_card,600
1090,541,coupon,700
1091,542,coupon,200
1092,542,gift_card,400
1093,543,bank_transfer,200
1094,543,bank_transfer,400
1095,544,gift_card,200
1096,544,coupon,100
1097,544,bank_transfer,600
1098,545,gift_card,600
1099,545,gift_card,200
1100,546,coupon,700
1101,546,credit_card,200
1102,546,bank_transfer,100
1103,547,credit_card,300
1104,547,gift_card,600
1105,547,credit_card,100
1106,548,coupon,500
1107,548,bank_transfer,200
1108,549,gift_card,100
1109,549,credit_card,500
1110,550,gift_card,300
1111,550,credit_card,100
1112,550,bank_transfer,600
1113,551,bank_transfer,600
1114,551,gift_card,200
1115,552,credit_card,400
1116,552,bank_transfer,500
1117,553,gift_card,700
1118,553,credit_card,200
1119,553,gift_card,100
1120,554,gift_card,700
1121,554,bank_transfer,200
1122,555,gift_card,800
1123,555,coupon,100
1124,556,credit_card,200
1125,556,coupon,600
1126,556,credit_card,100
1127,557,gift_card,600
1128,557,credit_card,100
1129,557,credit_card,300
1130,558,bank_transfer,700
1131,559,gift_card,600
1132,559,gift_card,100
1133,559,coupon,200
1134,560,credit_card,800
1135,560,coupon,100
1136,560,credit_card,100
1137,561,bank_transfer,100
1138,561,coupon,600
1139,561,bank_transfer,300
1140,562,coupon,700
1141,562,gift_card,200
1142,562,coupon,100
1143,563,gift_card,600
1144,564,coupon,400
1145,565,bank_transfer,100
1146,565,bank_transfer,100
1147,566,gift_card,300
1148,567,coupon,700
1149,567,coupon,100
1150,568,credit_card,700
1151,569,bank_transfer,800
1152,569,credit_card,100
1153,570,gift_card,600
1154,571,gift_card,200
1155,572,bank_transfer,200
1156,573,credit_card,800
1157,574,gift_card,100
1158,574,coupon,500
1159,574,gift_card,300
1160,575,credit_card,200
1161,575,coupon,700
1162,576,coupon,500
1163,577,gift_card,700
1164,577,bank_transfer,100
1165,577,coupon,200
1166,578,bank_transfer,300
1167,579,coupon,100
1168,579,coupon,300
1169,580,coupon,800
1170,580,credit_card,100
1171,581,bank_transfer,200
1172,582,coupon,500
1173,582,credit_card,100
1174,582,bank_transfer,300
1175,583,gift_card,700
1176,584,bank_transfer,300
1177,584,coupon,300
1178,585,bank_transfer,500
1179,585,bank_transfer,300
1180,586,coupon,100
1181,586,gift_card,700
1182,587,gift_card,400
1183,588,gift_card,800
1184,589,bank_transfer,500
1185,590,coupon,500
1186,591,bank_transfer,200
1187,591,bank_transfer,100
1188,592,bank_transfer,500
1189,592,gift_card,200
1190,592,bank_transfer,200
1191,593,coupon,800
1192,593,bank_transfer,100
1193,594,gift_card,500
1194,594,credit_card,200
1195,594,bank_transfer,200
1196,595,gift_card,600
1197,595,credit_card,200
1198,595,gift_card,100
1199,596,bank_transfer,700
1200,597,gift_card,100
1201,597,coupon,700
1202,598,gift_card,400
1203,598,coupon,300
1204,598,credit_card,200
1205,599,gift_card,100
1206,599,coupon,200
1207,599,gift_card,400
1208,600,coupon,300
1209,600,credit_card,100
1210,600,gift_card,200
1211,601,credit_card,500
1212,602,gift_card,300
1213,603,bank_transfer,200
1214,604,coupon,400
1215,605,bank_transfer,200
1216,605,coupon,600
1217,606,bank_transfer,100
1218,606,bank_transfer,600
1219,607,bank_transfer,100
1220,607,credit_card,100
1221,608,credit_card,700
1222,609,gift_card,200
1223,609,bank_transfer,300
1224,609,bank_transfer,100
1225,610,credit_card,400
1226,610,gift_card,100
1227,610,bank_transfer,400
1228,611,gift_card,200
1229,611,credit_card,300
1230,611,gift_card,200
1231,612,gift_card,800
1232,612,gift_card,100
1233,613,coupon,700
1234,614,coupon,100
1235,614,coupon,300
1236,615,credit_card,200
1237,615,credit_card,700
1238,616,credit_card,700
1239,616,coupon,200
1240,617,gift_card,200
1241,617,gift_card,600
1242,618,bank_transfer,800
1243,618,bank_transfer,100
1244,619,gift_card,200
1245,619,gift_card,600
1246,619,gift_card,200
1247,620,bank_transfer,500
1248,620,credit_card,400
1249,621,gift_card,800
1250,622,gift_card,200
1251,622,coupon,400
1252,623,credit_card,600
1253,623,gift_card,300
1254,623,bank_transfer,100
1255,624,gift_card,700
1256,625,bank_transfer,100
1257,626,coupon,200
1258,626,credit_card,500
1259,626,credit_card,100
1260,627,bank_transfer,300
1261,627,bank_transfer,200
1262,628,credit_card,300
1263,628,credit_card,200
1264,629,bank_transfer,500
1265,629,credit_card,300
1266,629,credit_card,200
1267,630,bank_transfer,400
1268,630,credit_card,100
1269,631,credit_card,400
1270,632,credit_card,800
1271,633,coupon,200
1272,634,bank_transfer,200
1273,634,bank_transfer,400
1274,634,gift_card,100
1275,635,bank_transfer,300
1276,635,credit_card,500
1277,635,coupon,200
1278,636,coupon,500
1279,636,bank_transfer,200
1280,637,bank_transfer,400
1281,637,credit_card,200
1282,637,coupon,400
1283,638,bank_transfer,800
1284,639,credit_card,600
1285,640,credit_card,100
1286,641,bank_transfer,800
1287,641,credit_card,100
1288,641,credit_card,100
1289,642,credit_card,800
1290,642,credit_card,100
1291,642,gift_card,100
1292,643,gift_card,700
1293,643,coupon,200
1294,643,credit_card,100
1295,644,bank_transfer,400
1296,645,coupon,200
1297,646,coupon,200
1298,646,gift_card,100
1299,647,coupon,200
1300,647,coupon,300
1301,647,bank_transfer,500
1302,648,credit_card,700
1303,648,bank_transfer,200
1304,649,bank_transfer,800
1305,650,bank_transfer,100
1306,650,credit_card,200
1307,651,bank_transfer,800
1308,652,credit_card,400
1309,652,bank_transfer,200
1310,652,credit_card,300
1311,653,coupon,700
1312,653,credit_card,100
1313,654,coupon,600
1314,655,coupon,200
1315,655,gift_card,300
1316,655,gift_card,300
1317,656,coupon,100
1318,656,coupon,400
1319,657,gift_card,300
1320,658,bank_transfer,200
1321,658,credit_card,500
1322,658,gift_card,200
1323,659,coupon,400
1324,660,coupon,800
1325,661,coupon,600
1326,662,gift_card,300
1327,663,gift_card,600
1328,664,gift_card,600
1329,664,bank_transfer,100
1330,665,credit_card,200
1331,665,credit_card,500
1332,665,credit_card,100
1333,666,gift_card,300
1334,667,credit_card,600
1335,668,bank_transfer,600
1336,669,gift_card,500
1337,669,bank_transfer,400
1338,669,bank_transfer,100
1339,670,coupon,200
1340,670,credit_card,700
1341,671,credit_card,600
1342,671,gift_card,200
1343,672,credit_card,400
1344,672,coupon,300
1345,673,credit_card,700
1346,673,gift_card,200
1347,673,bank_transfer,100
1348,674,bank_transfer,600
1349,674,gift_card,200
1350,675,bank_transfer,300
1351,676,credit_card,300
1352,676,bank_transfer,400
1353,676,bank_transfer,100
1354,677,coupon,800
1355,678,gift_card,100
1356,678,coupon,500
1357,678,coupon,400
1358,679,gift_card,100
1359,679,coupon,400
1360,680,bank_transfer,700
1361,680,gift_card,200
1362,680,gift_card,100
1363,681,bank_transfer,600
1364,681,bank_transfer,200
1365,681,gift_card,200
1366,682,gift_card,400
1367,682,credit_card,400
1368,683,gift_card,100
1369,684,gift_card,500
1370,685,coupon,600
1371,686,coupon,600
1372,686,credit_card,300
1373,687,credit_card,400
1374,687,credit_card,300
1375,688,credit_card,100
1376,688,gift_card,600
1377,688,gift_card,100
1378,689,credit_card,600
1379,689,coupon,300
1380,689,coupon,100
1381,690,coupon,100
1382,690,coupon,700
1383,690,bank_transfer,200
1384,691,credit_card,100
1385,691,gift_card,600
1386,692,credit_card,200
1387,692,credit_card,100
1388,693,bank_transfer,100
1389,693,bank_transfer,200
1390,694,bank_transfer,200
1391,694,credit_card,400
1392,694,coupon,300
1393,695,gift_card,100
1394,695,coupon,600
1395,696,gift_card,100
1396,696,gift_card,500
1397,696,credit_card,100
1398,697,coupon,400
1399,697,gift_card,200
1400,698,credit_card,200
1401,698,coupon,300
1402,698,gift_card,400
1403,699,bank_transfer,100
1404,700,bank_transfer,700
1405,700,gift_card,100
1406,700,credit_card,100
1407,701,credit_card,800
1408,702,bank_transfer,300
1409,702,coupon,600
1410,702,coupon,100
1411,703,gift_card,500
1412,704,gift_card,200
1413,705,gift_card,400
1414,705,bank_transfer,400
1415,706,bank_transfer,300
1416,706,coupon,300
1417,707,coupon,600
1418,708,bank_transfer,800
1419,708,coupon,100
1420,709,credit_card,300
1421,709,bank_transfer,400
1422,709,bank_transfer,300
1423,710,bank_transfer,500
1424,711,gift_card,400
1425,711,coupon,300
1426,712,credit_card,800
1427,713,gift_card,800
1428,713,bank_transfer,100
1429,713,coupon,100
1430,714,credit_card,700
1431,714,gift_card,100
1432,715,bank_transfer,600
1433,715,gift_card,100
1434,716,coupon,600
1435,716,credit_card,200
1436,717,coupon,700
1437,718,bank_transfer,200
1438,718,credit_card,100
1439,719,coupon,600
1440,720,coupon,700
1441,720,credit_card,200
1442,721,bank_transfer,400
1443,721,coupon,400
1444,722,gift_card,100
1445,722,coupon,500
1446,723,bank_transfer,500
1447,723,coupon,100
1448,724,bank_transfer,500
1449,724,credit_card,200
1450,725,gift_card,500
1451,725,coupon,400
1452,726,credit_card,100
1453,726,gift_card,700
1454,727,credit_card,100
1455,727,credit_card,300
1456,727,coupon,300
1457,728,gift_card,700
1458,728,coupon,100
1459,728,bank_transfer,200
1460,729,credit_card,700
1461,730,gift_card,300
1462,730,bank_transfer,600
1463,730,gift_card,100
1464,731,coupon,400
1465,731,gift_card,100
1466,732,credit_card,800
1467,733,credit_card,800
1468,733,gift_card,100
1469,734,bank_transfer,400
1470,734,credit_card,400
1471,734,gift_card,100
1472,735,credit_card,700
1473,735,coupon,100
1474,735,credit_card,100
1475,736,bank_transfer,400
1476,736,coupon,400
1477,737,bank_transfer,800
1478,738,bank_transfer,100
1479,738,coupon,400
1480,738,coupon,500
1481,739,credit_card,500
1482,739,gift_card,200
1483,740,bank_transfer,800
1484,741,gift_card,800
1485,741,credit_card,100
1486,741,coupon,100
1487,742,gift_card,200
1488,742,gift_card,200
1489,743,gift_card,100
1490,743,bank_transfer,700
1491,743,credit_card,100
1492,744,gift_card,700
1493,745,coupon,200
1494,746,gift_card,500
1495,746,bank_transfer,300
1496,747,credit_card,500
1497,747,bank_transfer,200
1498,748,bank_transfer,100
1499,748,coupon,800
1500,748,credit_card,100
1501,749,bank_transfer,700
1502,749,credit_card,200
1503,749,credit_card,100
1504,750,credit_card,400
1505,751,credit_card,300
1506,751,credit_card,600
1507,751,bank_transfer,100
1508,752,bank_transfer,800
1509,752,bank_transfer,100
1510,753,credit_card,600
1511,753,bank_transfer,100
1512,754,bank_transfer,100
1513,754,bank_transfer,600
1514,755,credit_card,200
1515,755,credit_card,100
1516,756,coupon,300
1517,757,coupon,400
1518,757,credit_card,100
1519,757,coupon,500
1520,758,gift_card,300
1521,759,coupon,300
1522,759,coupon,400
1523,760,credit_card,600
1524,760,gift_card,300
1525,760,bank_transfer,100
1526,761,credit_card,600
1527,762,coupon,200
1528,762,coupon,600
1529,762,gift_card,200
1530,763,credit_card,800
1531,763,credit_card,100
1532,764,credit_card,400
1533,764,bank_transfer,500
1534,765,gift_card,100
1535,765,bank_transfer,300
1536,765,gift_card,300
1537,766,gift_card,800
1538,766,coupon,100
1539,767,coupon,500
1540,767,gift_card,100
1541,767,gift_card,100
1542,768,coupon,700
1543,768,coupon,100
1544,769,bank_transfer,100
1545,769,coupon,800
1546,770,credit_card,800
1547,771,gift_card,600
1548,771,credit_card,200
1549,772,gift_card,400
1550,772,credit_card,100
1551,772,credit_card,500
1552,773,credit_card,500
1553,773,coupon,300
1554,774,credit_card,400
1555,775,credit_card,800
1556,775,credit_card,100
1557,776,coupon,200
1558,776,bank_transfer,600
1559,776,coupon,200
1560,777,coupon,500
1561,778,gift_card,300
1562,778,coupon,500
1563,778,bank_transfer,200
1564,779,credit_card,400
1565,779,bank_transfer,200
1566,779,credit_card,400
1567,780,coupon,400
1568,780,credit_card,500
1569,781,bank_transfer,800
1570,781,bank_transfer,100
1571,781,gift_card,100
1572,782,coupon,100
1573,782,credit_card,400
1574,782,coupon,400
1575,783,coupon,600
1576,783,credit_card,200
1577,783,gift_card,100
1578,784,gift_card,200
1579,785,coupon,300
1580,785,coupon,600
1581,785,gift_card,100
1582,786,gift_card,500
1583,787,bank_transfer,100
1584,787,coupon,100
1585,788,credit_card,300
1586,788,credit_card,600
1587,788,gift_card,100
1588,789,bank_transfer,300
1589,790,coupon,800
1590,790,bank_transfer,100
1591,791,coupon,300
1592,791,credit_card,100
1593,791,bank_transfer,600
1594,792,credit_card,400
1595,793,coupon,700
1596,793,gift_card,100
1597,794,bank_transfer,400
1598,795,gift_card,200
1599,796,gift_card,100
1600,796,gift_card,200
1601,796,coupon,600
1602,797,credit_card,600
1603,797,coupon,300
1604,797,bank_transfer,100
1605,798,gift_card,700
1606,798,coupon,200
1607,798,coupon,100
1608,799,coupon,700
1609,799,gift_card,100
1610,800,credit_card,200
1611,800,credit_card,100
1612,801,coupon,300
1613,801,gift_card,400
1614,802,credit_card,500
1615,802,coupon,400
1616,802,coupon,100
1617,803,bank_transfer,800
1618,803,gift_card,100
1619,804,coupon,700
1620,804,credit_card,200
1621,805,bank_transfer,100
1622,806,coupon,700
1623,807,credit_card,500
1624,808,gift_card,100
1625,808,credit_card,300
1626,808,credit_card,100
1627,809,credit_card,200
1628,809,credit_card,100
1629,810,gift_card,600
1630,810,bank_transfer,300
1631,810,coupon,100
1632,811,bank_transfer,300
1633,811,gift_card,500
1634,811,coupon,200
1635,812,bank_transfer,600
1636,812,bank_transfer,100
1637,813,bank_transfer,500
1638,813,bank_transfer,300
1639,814,coupon,300
1640,814,credit_card,400
1641,815,bank_transfer,400
1642,815,gift_card,500
1643,816,credit_card,200
1644,817,coupon,600
1645,818,credit_card,200
1646,818,bank_transfer,500
1647,819,credit_card,200
1648,820,gift_card,700
1649,820,gift_card,100
1650,821,credit_card,400
1651,821,bank_transfer,400
1652,821,gift_card,200
1653,822,credit_card,300
1654,822,coupon,600
1655,823,credit_card,700
1656,823,bank_transfer,100
1657,823,credit_card,200
1658,824,gift_card,300
1659,825,gift_card,700
1660,825,coupon,100
1661,826,credit_card,300
1662,826,gift_card,400
1663,826,bank_transfer,200
1664,827,bank_transfer,300
1665,827,bank_transfer,600
1666,828,credit_card,800
1667,828,bank_transfer,100
1668,828,bank_transfer,100
1669,829,gift_card,700
1670,830,gift_card,400
1671,830,gift_card,100
1672,831,gift_card,600
1673,832,gift_card,700
1674,832,credit_card,200
1675,833,bank_transfer,800
1676,833,credit_card,100
1677,834,credit_card,300
1678,835,gift_card,500
1679,835,bank_transfer,400
1680,836,credit_card,600
1681,836,gift_card,100
1682,836,coupon,300
1683,837,coupon,200
1684,837,credit_card,500
1685,838,credit_card,800
1686,839,bank_transfer,200
1687,840,coupon,500
1688,840,coupon,300
1689,841,gift_card,200
1690,841,credit_card,100
1691,841,gift_card,100
1692,842,credit_card,100
1693,842,credit_card,600
1694,842,coupon,300
1695,843,bank_transfer,400
1696,844,coupon,400
1697,844,credit_card,400
1698,844,bank_transfer,200
1699,845,coupon,700
1700,846,coupon,700
1701,847,credit_card,700
1702,847,coupon,200
1703,847,credit_card,100
1704,848,bank_transfer,200
1705,849,coupon,400
1706,849,coupon,300
1707,850,bank_transfer,600
1708,850,gift_card,300
1709,850,bank_transfer,100
1710,851,bank_transfer,800
1711,851,coupon,100
1712,851,credit_card,100
1713,852,gift_card,200
1714,852,credit_card,100
1715,853,credit_card,500
1716,853,bank_transfer,300
1717,853,coupon,200
1718,854,coupon,200
1719,854,gift_card,100
1720,854,coupon,200
1721,855,gift_card,700
1722,856,bank_transfer,300
1723,856,coupon,400
1724,856,coupon,200
1725,857,coupon,700
1726,858,coupon,400
1727,858,gift_card,100
1728,858,coupon,300
1729,859,coupon,500
1730,859,credit_card,200
1731,860,credit_card,600
1732,861,bank_transfer,700
1733,861,bank_transfer,200
1734,862,coupon,400
1735,862,coupon,500
1736,863,bank_transfer,600
1737,864,credit_card,300
1738,864,bank_transfer,200
1739,865,bank_transfer,400
1740,865,bank_transfer,300
1741,865,coupon,200
1742,866,credit_card,200
1743,867,gift_card,500
1744,867,gift_card,100
1745,867,credit_card,200
1746,868,coupon,500
1747,868,coupon,200
1748,869,credit_card,400
1749,870,coupon,400
1750,870,credit_card,300
1751,871,gift_card,500
1752,871,gift_card,200
1753,871,gift_card,300
1754,872,credit_card,700
1755,872,credit_card,200
1756,873,bank_transfer,100
1757,873,bank_transfer,600
1758,873,bank_transfer,300
1759,874,credit_card,500
1760,874,bank_transfer,400
1761,875,credit_card,400
1762,875,credit_card,500
1763,876,bank_transfer,300
1764,876,gift_card,200
1765,877,credit_card,400
1766,878,gift_card,600
1767,879,credit_card,100
1768,879,coupon,100
1769,880,credit_card,600
1770,880,gift_card,300
1771,880,coupon,100
1772,881,coupon,500
1773,882,bank_transfer,500
1774,882,gift_card,400
1775,883,credit_card,200
1776,883,gift_card,700
1777,883,coupon,100
1778,884,coupon,600
1779,884,coupon,300
1780,885,gift_card,700
1781,885,coupon,100
1782,886,bank_transfer,200
1783,887,gift_card,100
1784,888,bank_transfer,800
1785,888,credit_card,100
1786,888,bank_transfer,100
1787,889,coupon,600
1788,890,gift_card,300
1789,890,bank_transfer,300
1790,890,bank_transfer,200
1791,891,credit_card,100
1792,891,credit_card,600
1793,891,coupon,300
1794,892,credit_card,100
1795,892,coupon,300
1796,892,coupon,300
1797,893,gift_card,600
1798,894,credit_card,700
1799,894,bank_transfer,200
1800,894,bank_transfer,100
1801,895,gift_card,400
1802,896,gift_card,500
1803,896,bank_transfer,300
1804,897,credit_card,100
1805,897,coupon,500
1806,898,coupon,800
1807,898,coupon,100
1808,899,credit_card,500
1809,899,coupon,200
1810,900,credit_card,700
1811,901,bank_transfer,300
1812,901,credit_card,300
1813,902,credit_card,600
1814,903,coupon,500
1815,903,gift_card,300
1816,904,coupon,700
1817,904,coupon,200
1818,904,coupon,100
1819,905,gift_card,600
1820,906,credit_card,100
1821,907,credit_card,200
1822,908,bank_transfer,600
1823,908,bank_transfer,300
1824,909,gift_card,100
1825,910,coupon,400
1826,910,gift_card,400
1827,910,coupon,200
1828,911,bank_transfer,100
1829,912,credit_card,400
1830,913,gift_card,500
1831,913,coupon,200
1832,914,credit_card,400
1833,915,coupon,300
1834,916,credit_card,400
1835,917,bank_transfer,600
1836,917,gift_card,100
1837,917,gift_card,300
1838,918,bank_transfer,800
1839,918,credit_card,100
1840,919,credit_card,800
1841,919,credit_card,100
1842,920,coupon,500
1843,920,coupon,200
1844,920,credit_card,200
1845,921,credit_card,500
1846,921,bank_transfer,100
1847,921,coupon,100
1848,922,credit_card,100
1849,923,bank_transfer,100
1850,923,bank_transfer,300
1851,924,bank_transfer,300
1852,924,bank_transfer,600
1853,924,coupon,100
1854,925,coupon,200
1855,926,gift_card,600
1856,926,bank_transfer,100
1857,927,credit_card,600
1858,928,gift_card,100
1859,928,credit_card,400
1860,928,credit_card,300
1861,929,credit_card,600
1862,929,coupon,300
1863,930,gift_card,700
1864,931,gift_card,400
1865,931,gift_card,300
1866,932,bank_transfer,500
1867,932,coupon,300
1868,933,coupon,600
1869,933,credit_card,100
1870,933,credit_card,300
1871,934,gift_card,600
1872,934,bank_transfer,100
1873,935,coupon,700
1874,936,gift_card,500
1875,936,gift_card,100
1876,937,bank_transfer,600
1877,937,gift_card,100
1878,938,coupon,700
1879,938,gift_card,100
1880,938,coupon,200
1881,939,gift_card,600
1882,940,gift_card,700
1883,941,coupon,100
1884,941,gift_card,400
1885,942,gift_card,700
1886,942,credit_card,200
1887,943,credit_card,400
1888,943,credit_card,500
1889,944,bank_transfer,100
1890,944,bank_transfer,500
1891,944,coupon,100
1892,945,bank_transfer,700
1893,945,coupon,100
1894,946,coupon,500
1895,946,credit_card,200
1896,946,gift_card,300
1897,947,coupon,600
1898,948,credit_card,300
1899,949,credit_card,500
1900,949,bank_transfer,400
1901,949,credit_card,100
1902,950,gift_card,100
1903,950,gift_card,200
1904,950,gift_card,700
1905,951,gift_card,300
1906,951,coupon,300
1907,951,gift_card,400
1908,952,coupon,100
1909,952,bank_transfer,100
1910,952,credit_card,500
1911,953,bank_transfer,300
1912,953,credit_card,100
1913,954,gift_card,600
1914,954,gift_card,300
1915,954,bank_transfer,100
1916,955,bank_transfer,800
1917,955,coupon,100
1918,955,coupon,100
1919,956,credit_card,300
1920,956,coupon,500
1921,957,coupon,200
1922,957,bank_transfer,500
1923,957,gift_card,200
1924,958,bank_transfer,800
1925,958,gift_card,100
1926,959,coupon,300
1927,960,bank_transfer,400
1928,960,coupon,200
1929,960,coupon,400
1930,961,bank_transfer,500
1931,961,bank_transfer,200
1932,962,coupon,600
1933,963,coupon,600
1934,963,credit_card,300
1935,963,bank_transfer,100
1936,964,credit_card,400
1937,964,coupon,400
1938,965,bank_transfer,100
1939,966,coupon,600
1940,966,coupon,300
1941,967,coupon,100
1942,967,credit_card,500
1943,968,credit_card,100
1944,969,bank_transfer,700
1945,970,bank_transfer,300
1946,970,gift_card,600
1947,971,credit_card,200
1948,971,gift_card,700
1949,972,coupon,700
1950,972,gift_card,100
1951,972,credit_card,200
1952,973,gift_card,300
1953,974,credit_card,400
1954,975,gift_card,700
1955,975,gift_card,200
1956,976,bank_transfer,700
1957,976,coupon,200
1958,976,coupon,100
1959,977,credit_card,500
1960,977,coupon,100
1961,978,bank_transfer,100
1962,978,bank_transfer,800
1963,979,coupon,300
1964,980,gift_card,700
1965,980,credit_card,200
1966,981,credit_card,800
1967,981,coupon,100
1968,981,coupon,100
1969,982,coupon,100
1970,982,bank_transfer,800
1971,982,bank_transfer,100
1972,983,credit_card,700
1973,983,credit_card,100
1974,983,credit_card,200
1975,984,bank_transfer,400
1976,984,coupon,400
1977,985,coupon,400
1978,985,coupon,300
1979,986,gift_card,300
1980,986,coupon,200
1981,986,coupon,100
1982,987,gift_card,800
1983,987,coupon,100
1984,987,gift_card,100
1985,988,gift_card,300
1986,989,credit_card,600
1987,989,gift_card,100
1988,990,coupon,600
1989,990,credit_card,200
1990,991,coupon,100
1991,992,credit_card,200
1992,992,credit_card,300
1993,993,credit_card,800
1994,993,credit_card,100
1995,994,bank_transfer,300
1996,995,bank_transfer,700
1997,995,bank_transfer,100
1998,996,gift_card,500
1999,997,coupon,800
2000,997,gift_card,100
2001,997,coupon,100
2002,998,coupon,100
2003,998,credit_card,800
2004,998,gift_card,100
2005,999,gift_card,500
2006,1000,credit_card,400
2007,1000,gift_card,400
2008,1001,coupon,400
2009,1001,credit_card,400
2010,1002,gift_card,100
2011,1003,gift_card,500
2012,1004,credit_card,400
2013,1005,bank_transfer,600
2014,1005,gift_card,300
2015,1005,coupon,100
2016,1006,bank_transfer,700
2017,1006,credit_card,100
2018,1007,coupon,800
2019,1007,gift_card,100
2020,1008,credit_card,600
2021,1009,credit_card,700
2022,1009,credit_card,200
2023,1009,bank_transfer,100
2024,1010,bank_transfer,700
2025,1010,coupon,200
2026,1011,coupon,200
2027,1012,gift_card,500
2028,1012,credit_card,300
2029,1012,bank_transfer,200
2030,1013,gift_card,400
2031,1014,gift_card,200
2032,1014,coupon,500
2033,1014,gift_card,200
2034,1015,credit_card,200
2035,1016,gift_card,200
2036,1017,coupon,700
2037,1017,credit_card,100
2038,1017,bank_transfer,200
2039,1018,bank_transfer,400
2040,1018,coupon,500
2041,1019,bank_transfer,300
2042,1019,coupon,300
2043,1020,credit_card,700
2044,1021,credit_card,400
2045,1022,bank_transfer,800
2046,1023,credit_card,100
2047,1024,bank_transfer,100
2048,1025,coupon,100
2049,1026,bank_transfer,600
2050,1026,credit_card,200
2051,1026,coupon,100
2052,1027,bank_transfer,800
2053,1027,bank_transfer,100
2054,1027,gift_card,100
2055,1028,coupon,600
2056,1028,gift_card,300
2057,1028,gift_card,100
2058,1029,gift_card,500
2059,1029,credit_card,200
2060,1029,gift_card,200
2061,1030,bank_transfer,700
2062,1030,credit_card,100
2063,1031,gift_card,500
2064,1031,credit_card,200
2065,1032,credit_card,600
2066,1032,credit_card,200
2067,1033,credit_card,200
2068,1033,coupon,400
2069,1033,coupon,300
2070,1034,coupon,200
2071,1034,gift_card,700
2072,1035,bank_transfer,600
2073,1035,coupon,200
2074,1035,gift_card,100
2075,1036,coupon,600
2076,1036,gift_card,300
2077,1037,credit_card,800
2078,1037,credit_card,100
2079,1037,gift_card,100
2080,1038,gift_card,300
2081,1038,bank_transfer,500
2082,1039,gift_card,200
2083,1039,coupon,300
2084,1040,coupon,800
2085,1041,gift_card,300
2086,1041,credit_card,400
2087,1042,credit_card,600
2088,1043,coupon,400
2089,1043,credit_card,200
2090,1044,credit_card,400
2091,1044,credit_card,500
2092,1044,coupon,100
2093,1045,coupon,500
2094,1046,gift_card,400
2095,1046,coupon,400
2096,1046,bank_transfer,200
2097,1047,gift_card,300
2098,1048,coupon,600
2099,1048,coupon,100
2100,1048,gift_card,300
2101,1049,gift_card,100
2102,1050,coupon,800
2103,1050,bank_transfer,100
2104,1051,coupon,200
2105,1051,credit_card,400
2106,1052,gift_card,500
2107,1053,credit_card,200
2108,1053,credit_card,300
2109,1054,coupon,100
2110,1054,credit_card,300
2111,1054,bank_transfer,600
2112,1055,coupon,600
2113,1055,credit_card,300
2114,1055,coupon,100
2115,1056,coupon,400
2116,1057,credit_card,700
2117,1057,coupon,200
2118,1057,coupon,100
2119,1058,credit_card,600
2120,1058,credit_card,200
2121,1058,coupon,100
2122,1059,bank_transfer,600
2123,1059,coupon,200
2124,1060,gift_card,100
2125,1060,gift_card,600
2126,1061,gift_card,400
2127,1061,coupon,100
2128,1062,credit_card,500
2129,1062,gift_card,200
2130,1063,bank_transfer,500
2131,1063,coupon,400
2132,1064,bank_transfer,400
2133,1064,bank_transfer,500
2134,1065,coupon,700
2135,1065,coupon,100
2136,1066,bank_transfer,400
2137,1067,coupon,500
2138,1067,bank_transfer,100
2139,1068,bank_transfer,600
2140,1068,gift_card,100
2141,1068,credit_card,200
2142,1069,credit_card,500
2143,1069,credit_card,100
2144,1070,credit_card,600
2145,1070,bank_transfer,200
2146,1071,credit_card,700
2147,1071,bank_transfer,100
2148,1072,coupon,200
2149,1073,credit_card,800
2150,1073,coupon,100
2151,1073,credit_card,100
2152,1074,gift_card,500
2153,1074,coupon,200
2154,1075,credit_card,700
2155,1075,bank_transfer,200
2156,1076,coupon,400
2157,1076,credit_card,400
2158,1076,coupon,100
2159,1077,coupon,200
2160,1077,coupon,100
2161,1078,coupon,600
2162,1078,gift_card,100
2163,1079,gift_card,300
2164,1080,coupon,800
2165,1081,coupon,800
2166,1081,bank_transfer,100
2167,1082,gift_card,100
2168,1082,credit_card,500
2169,1082,coupon,100
2170,1083,coupon,200
2171,1083,coupon,400
2172,1084,gift_card,500
2173,1084,coupon,100
2174,1084,gift_card,100
2175,1085,credit_card,800
2176,1085,credit_card,100
2177,1085,coupon,100
2178,1086,coupon,500
2179,1086,bank_transfer,200
2180,1087,coupon,500
2181,1087,gift_card,100
2182,1088,credit_card,200
2183,1089,coupon,800
2184,1089,gift_card,100
2185,1090,bank_transfer,400
2186,1090,bank_transfer,400
2187,1091,coupon,300
2188,1091,gift_card,500
2189,1092,gift_card,600
2190,1092,gift_card,100
2191,1093,gift_card,700
2192,1094,coupon,800
2193,1094,credit_card,100
2194,1094,coupon,100
2195,1095,credit_card,600
2196,1096,bank_transfer,700
2197,1097,coupon,200
2198,1097,gift_card,600
2199,1097,credit_card,200
2200,1098,gift_card,700
2201,1098,bank_transfer,100
2202,1099,bank_transfer,100
2203,1099,bank_transfer,600
2204,1100,credit_card,200
2205,1101,credit_card,500
2206,1101,coupon,400
2207,1102,credit_card,100
2208,1102,coupon,500
2209,1103,coupon,500
2210,1104,credit_card,800
2211,1105,gift_card,700
2212,1105,gift_card,100
2213,1106,bank_transfer,100
2214,1106,bank_transfer,400
2215,1107,gift_card,400
2216,1107,credit_card,200
2217,1107,gift_card,300
2218,1108,bank_transfer,700
2219,1108,gift_card,200
2220,1109,coupon,500
2221,1109,bank_transfer,300
2222,1110,coupon,700
2223,1110,bank_transfer,100
2224,1110,coupon,100
2225,1111,coupon,500
2226,1111,bank_transfer,100
2227,1111,coupon,200
2228,1112,gift_card,200
2229,1113,bank_transfer,200
2230,1114,bank_transfer,400
2231,1115,coupon,500
2232,1116,bank_transfer,700
2233,1117,bank_transfer,700
2234,1117,credit_card,100
2235,1117,credit_card,200
2236,1118,bank_transfer,600
2237,1118,coupon,300
2238,1118,bank_transfer,100
2239,1119,gift_card,300
2240,1119,credit_card,300
2241,1119,coupon,100
2242,1120,gift_card,500
2243,1120,bank_transfer,300
2244,1121,coupon,100
2245,1122,coupon,100
2246,1122,credit_card,800
2247,1122,gift_card,100
2248,1123,gift_card,600
2249,1123,gift_card,100
2250,1123,gift_card,100
2251,1124,credit_card,400
2252,1125,bank_transfer,200
2253,1126,coupon,100
2254,1126,bank_transfer,200
2255,1126,bank_transfer,100
2256,1127,coupon,100
2257,1127,bank_transfer,400
2258,1128,credit_card,100
2259,1128,credit_card,100
2260,1128,coupon,500
2261,1129,credit_card,100
2262,1129,coupon,700
2263,1129,coupon,200
2264,1130,gift_card,500
2265,1131,gift_card,500
2266,1131,coupon,100
2267,1132,credit_card,300
2268,1132,bank_transfer,600
2269,1133,gift_card,500
2270,1133,credit_card,400
2271,1134,gift_card,100
2272,1134,coupon,300
2273,1134,bank_transfer,600
2274,1135,coupon,600
2275,1135,coupon,100
2276,1135,credit_card,200
2277,1136,bank_transfer,800
2278,1136,gift_card,100
2279,1136,gift_card,100
2280,1137,bank_transfer,300
2281,1137,credit_card,400
2282,1138,coupon,500
2283,1139,bank_transfer,200
2284,1140,gift_card,400
2285,1140,bank_transfer,200
2286,1140,bank_transfer,200
2287,1141,gift_card,400
2288,1142,coupon,200
2289,1143,gift_card,800
2290,1144,gift_card,600
2291,1144,gift_card,300
2292,1145,credit_card,200
2293,1145,gift_card,100
2294,1146,credit_card,400
2295,1146,credit_card,100
2296,1146,coupon,200
2297,1147,coupon,300
2298,1148,bank_transfer,400
2299,1148,gift_card,400
2300,1149,gift_card,200
2301,1150,gift_card,300
2302,1150,gift_card,100
2303,1151,bank_transfer,600
2304,1152,credit_card,700
2305,1153,credit_card,200
2306,1153,gift_card,600
2307,1153,gift_card,100
2308,1154,credit_card,300
2309,1154,credit_card,300
2310,1155,bank_transfer,800
2311,1155,coupon,100
2312,1155,coupon,100
2313,1156,bank_transfer,500
2314,1156,gift_card,300
2315,1156,gift_card,200
2316,1157,credit_card,300
2317,1157,credit_card,200
2318,1158,coupon,200
2319,1158,gift_card,500
2320,1158,coupon,300
2321,1159,credit_card,100
2322,1159,bank_transfer,500
2323,1159,bank_transfer,100
2324,1160,credit_card,600
2325,1160,credit_card,200
2326,1161,credit_card,400
2327,1161,credit_card,500
2328,1161,coupon,100
2329,1162,credit_card,400
2330,1163,gift_card,800
2331,1164,coupon,600
2332,1165,gift_card,500
2333,1165,bank_transfer,400
2334,1165,coupon,100
2335,1166,bank_transfer,800
2336,1166,gift_card,100
2337,1166,bank_transfer,100
2338,1167,bank_transfer,200
2339,1167,gift_card,600
2340,1167,credit_card,100
2341,1168,credit_card,100
2342,1168,gift_card,700
2343,1168,gift_card,200
2344,1169,gift_card,300
2345,1169,bank_transfer,200
2346,1169,bank_transfer,100
2347,1170,credit_card,500
2348,1170,bank_transfer,400
2349,1171,credit_card,600
2350,1172,coupon,300
2351,1172,coupon,100
2352,1172,gift_card,500
2353,1173,gift_card,400
2354,1173,coupon,500
2355,1173,gift_card,100
2356,1174,bank_transfer,800
2357,1175,bank_transfer,200
2358,1175,coupon,300
2359,1176,coupon,600
2360,1176,bank_transfer,300
2361,1177,bank_transfer,500
2362,1178,credit_card,100
2363,1178,coupon,100
2364,1179,gift_card,800
2365,1179,credit_card,100
2366,1179,credit_card,100
2367,1180,coupon,100
2368,1180,gift_card,800
2369,1181,bank_transfer,200
2370,1181,bank_transfer,500
2371,1181,bank_transfer,100
2372,1182,gift_card,300
2373,1182,coupon,400
2374,1182,credit_card,100
2375,1183,gift_card,500
2376,1183,credit_card,200
2377,1183,gift_card,300
2378,1184,gift_card,300
2379,1184,gift_card,600
2380,1185,gift_card,700
2381,1186,gift_card,300
2382,1186,gift_card,500
2383,1186,coupon,200
2384,1187,coupon,300
2385,1188,gift_card,800
2386,1188,bank_transfer,100
2387,1188,bank_transfer,100
2388,1189,bank_transfer,200
2389,1190,coupon,400
2390,1190,bank_transfer,200
2391,1190,coupon,100
2392,1191,coupon,500
2393,1192,gift_card,700
2394,1193,credit_card,200
2395,1194,bank_transfer,600
2396,1194,bank_transfer,200
2397,1194,coupon,100
2398,1195,credit_card,200
2399,1195,coupon,200
2400,1195,credit_card,300
2401,1196,credit_card,400
2402,1197,credit_card,300
2403,1197,credit_card,300
2404,1197,gift_card,300
2405,1198,coupon,700
2406,1198,credit_card,200
2407,1199,credit_card,800
2408,1199,credit_card,100
2409,1200,gift_card,200
2410,1200,coupon,400
2411,1201,coupon,500
2412,1201,gift_card,200
2413,1202,credit_card,600
2414,1203,coupon,800
2415,1203,coupon,100
2416,1203,coupon,100
2417,1204,coupon,700
2418,1204,gift_card,100
2419,1205,credit_card,700
2420,1206,bank_transfer,200
2421,1206,gift_card,700
2422,1207,gift_card,600
2423,1207,coupon,200
2424,1208,credit_card,800
2425,1209,bank_transfer,600
2426,1210,credit_card,100
2427,1210,gift_card,800
2428,1210,credit_card,100
2429,1211,coupon,300
2430,1212,coupon,700
2431,1213,coupon,200
2432,1214,credit_card,700
2433,1214,credit_card,100
2434,1215,credit_card,300
2435,1216,gift_card,100
2436,1216,coupon,200
2437,1216,coupon,600
2438,1217,gift_card,600
2439,1218,bank_transfer,300
2440,1218,coupon,600
2441,1219,bank_transfer,700
2442,1219,coupon,200
2443,1220,credit_card,800
2444,1221,coupon,700
2445,1222,coupon,500
2446,1222,bank_transfer,100
2447,1223,gift_card,100
2448,1224,bank_transfer,700
2449,1224,gift_card,100
2450,1225,coupon,100
2451,1225,bank_transfer,200
2452,1226,credit_card,400
2453,1226,coupon,200
2454,1227,coupon,700
2455,1228,bank_transfer,200
2456,1229,gift_card,200
2457,1230,bank_transfer,700
2458,1230,bank_transfer,100
2459,1231,bank_transfer,700
2460,1231,coupon,100
2461,1231,gift_card,200
2462,1232,bank_transfer,800
2463,1232,gift_card,100
2464,1232,coupon,100
2465,1233,credit_card,500
2466,1234,credit_card,200
2467,1234,bank_transfer,400
2468,1234,credit_card,300
2469,1235,coupon,600
2470,1235,bank_transfer,100
2471,1235,coupon,100
2472,1236,bank_transfer,400
2473,1236,gift_card,100
2474,1236,bank_transfer,100
2475,1237,credit_card,200
2476,1237,gift_card,600
2477,1237,credit_card,100
2478,1238,coupon,100
2479,1238,coupon,500
2480,1239,bank_transfer,700
2481,1239,gift_card,200
2482,1240,coupon,500
2483,1240,bank_transfer,200
2484,1240,gift_card,200
2485,1241,gift_card,700
2486,1242,gift_card,100
2487,1242,credit_card,500
2488,1243,bank_transfer,200
2489,1243,coupon,200
2490,1243,bank_transfer,500
2491,1244,gift_card,500
2492,1244,credit_card,400
2493,1244,credit_card,100
2494,1245,coupon,500
2495,1245,credit_card,400
2496,1246,coupon,700
2497,1246,coupon,200
2498,1247,gift_card,500
2499,1247,gift_card,100
2500,1248,bank_transfer,200
2501,1249,coupon,800
2502,1249,credit_card,100
2503,1249,bank_transfer,100
2504,1250,coupon,300
2505,1250,gift_card,100
2506,1251,coupon,100
2507,1251,credit_card,500
2508,1252,credit_card,800
2509,1252,credit_card,100
2510,1253,gift_card,700
2511,1253,coupon,100
2512,1253,credit_card,200
2513,1254,gift_card,700
2514,1255,coupon,700
2515,1256,bank_transfer,200
2516,1256,bank_transfer,200
2517,1256,coupon,500
2518,1257,coupon,300
2519,1257,credit_card,100
2520,1258,gift_card,200
2521,1259,coupon,700
2522,1259,credit_card,100
2523,1259,bank_transfer,200
2524,1260,bank_transfer,600
2525,1260,bank_transfer,200
2526,1261,bank_transfer,500
2527,1261,bank_transfer,400
2528,1261,bank_transfer,100
2529,1262,bank_transfer,200
2530,1262,coupon,600
2531,1262,credit_card,100
2532,1263,bank_transfer,500
2533,1263,coupon,200
2534,1264,credit_card,500
2535,1265,gift_card,600
2536,1266,coupon,300
2537,1267,coupon,600
2538,1267,bank_transfer,100
2539,1268,credit_card,400
2540,1269,credit_card,300
2541,1269,gift_card,400
2542,1269,credit_card,100
2543,1270,bank_transfer,300
2544,1270,bank_transfer,500
2545,1271,gift_card,500
2546,1271,credit_card,400
2547,1271,credit_card,100
2548,1272,coupon,400
2549,1272,bank_transfer,300
2550,1273,gift_card,500
2551,1274,coupon,300
2552,1274,credit_card,100
2553,1275,credit_card,300
2554,1276,credit_card,600
2555,1277,gift_card,600
2556,1277,coupon,200
2557,1277,bank_transfer,200
2558,1278,credit_card,400
2559,1279,coupon,300
2560,1279,credit_card,400
2561,1280,coupon,500
2562,1281,bank_transfer,200
2563,1281,bank_transfer,400
2564,1281,credit_card,300
2565,1282,bank_transfer,800
2566,1282,gift_card,100
2567,1283,gift_card,300
2568,1283,credit_card,500
2569,1283,credit_card,200
2570,1284,credit_card,600
2571,1284,bank_transfer,100
2572,1284,coupon,200
2573,1285,bank_transfer,800
2574,1285,gift_card,100
2575,1286,bank_transfer,200
2576,1287,credit_card,300
2577,1288,gift_card,200
2578,1289,credit_card,500
2579,1289,credit_card,200
2580,1289,credit_card,200
2581,1290,coupon,800
2582,1290,gift_card,100
2583,1291,bank_transfer,800
2584,1292,gift_card,400
2585,1292,gift_card,200
2586,1293,credit_card,200
2587,1293,bank_transfer,200
2588,1293,credit_card,100
2589,1294,gift_card,300
2590,1295,bank_transfer,600
2591,1295,credit_card,200
2592,1296,gift_card,800
2593,1296,coupon,100
2594,1297,gift_card,300
2595,1298,credit_card,800
2596,1299,gift_card,100
2597,1299,credit_card,500
2598,1299,bank_transfer,200
2599,1300,credit_card,400
2600,1300,credit_card,200
2601,1300,credit_card,200
2602,1301,gift_card,300
2603,1301,coupon,200
2604,1301,gift_card,400
2605,1302,gift_card,600
2606,1303,bank_transfer,700
2607,1303,credit_card,100
2608,1304,coupon,800
2609,1304,gift_card,100
2610,1304,coupon,100
2611,1305,credit_card,300
2612,1306,credit_card,700
2613,1306,credit_card,200
2614,1307,credit_card,200
2615,1307,gift_card,700
2616,1307,gift_card,100
2617,1308,credit_card,500
2618,1309,bank_transfer,100
2619,1310,coupon,300
2620,1311,bank_transfer,100
2621,1311,gift_card,700
2622,1311,bank_transfer,100
2623,1312,gift_card,100
2624,1312,coupon,200
2625,1313,gift_card,800
2626,1314,bank_transfer,400
2627,1315,coupon,300
2628,1316,credit_card,500
2629,1316,credit_card,100
2630,1317,coupon,100
2631,1317,coupon,500
2632,1318,bank_transfer,700
2633,1318,coupon,200
2634,1319,gift_card,800
2635,1319,bank_transfer,100
2636,1319,coupon,100
2637,1320,coupon,300
2638,1320,coupon,400
2639,1320,credit_card,100
2640,1321,gift_card,700
2641,1321,coupon,200
2642,1322,credit_card,600
2643,1322,gift_card,100
2644,1323,gift_card,800
2645,1323,gift_card,100
2646,1324,credit_card,600
2647,1325,bank_transfer,600
2648,1325,bank_transfer,300
2649,1325,gift_card,100
2650,1326,gift_card,500
2651,1327,gift_card,500
2652,1327,gift_card,200
2653,1328,coupon,500
2654,1329,coupon,200
2655,1329,coupon,400
2656,1330,gift_card,400
2657,1331,coupon,200
2658,1331,bank_transfer,700
2659,1331,bank_transfer,100
2660,1332,coupon,200
2661,1332,bank_transfer,100
2662,1332,bank_transfer,600
2663,1333,gift_card,500
2664,1333,coupon,100
2665,1334,credit_card,400
2666,1334,coupon,100
2667,1334,gift_card,200
2668,1335,bank_transfer,200
2669,1335,credit_card,500
2670,1335,gift_card,100
2671,1336,gift_card,700
2672,1336,bank_transfer,100
2673,1337,gift_card,700
2674,1337,credit_card,200
2675,1337,coupon,100
2676,1338,credit_card,800
2677,1339,credit_card,700
2678,1339,coupon,200
2679,1340,coupon,600
2680,1340,credit_card,300
2681,1340,gift_card,100
2682,1341,coupon,200
2683,1341,gift_card,500
2684,1342,gift_card,100
2685,1343,credit_card,200
2686,1343,bank_transfer,300
2687,1343,gift_card,200
2688,1344,gift_card,500
2689,1344,coupon,200
2690,1344,bank_transfer,200
2691,1345,coupon,700
2692,1345,credit_card,100
2693,1345,gift_card,200
2694,1346,bank_transfer,200
2695,1346,bank_transfer,300
2696,1346,credit_card,100
2697,1347,credit_card,100
2698,1347,coupon,300
2699,1347,bank_transfer,300
2700,1348,bank_transfer,100
2701,1348,bank_transfer,500
2702,1349,bank_transfer,700
2703,1349,bank_transfer,200
2704,1350,bank_transfer,600
2705,1350,bank_transfer,100
2706,1350,bank_transfer,300
2707,1351,bank_transfer,700
2708,1351,coupon,100
2709,1351,coupon,200
2710,1352,coupon,400
2711,1352,gift_card,300
2712,1352,credit_card,300
2713,1353,coupon,200
2714,1353,credit_card,400
2715,1354,bank_transfer,600
2716,1354,bank_transfer,100
2717,1354,bank_transfer,100
2718,1355,coupon,700
2719,1356,coupon,700
2720,1356,coupon,200
2721,1356,gift_card,100
2722,1357,credit_card,100
2723,1357,credit_card,800
2724,1358,credit_card,100
2725,1358,bank_transfer,700
2726,1358,bank_transfer,200
2727,1359,coupon,600
2728,1359,gift_card,300
2729,1359,credit_card,100
2730,1360,coupon,300
2731,1360,coupon,500
2732,1360,coupon,200
2733,1361,bank_transfer,800
2734,1362,gift_card,100
2735,1362,coupon,700
2736,1362,gift_card,100
2737,1363,bank_transfer,100
2738,1363,bank_transfer,600
2739,1363,bank_transfer,300
2740,1364,gift_card,800
2741,1364,gift_card,100
2742,1364,bank_transfer,100
2743,1365,credit_card,400
2744,1365,bank_transfer,100
2745,1365,bank_transfer,400
2746,1366,credit_card,300
2747,1366,gift_card,100
2748,1366,bank_transfer,100
2749,1367,bank_transfer,400
2750,1368,credit_card,200
2751,1369,bank_transfer,500
2752,1369,credit_card,300
2753,1369,credit_card,100
2754,1370,coupon,700
2755,1370,bank_transfer,200
2756,1370,credit_card,100
2757,1371,gift_card,800
2758,1372,gift_card,400
2759,1373,bank_transfer,100
2760,1373,credit_card,800
2761,1373,coupon,100
2762,1374,gift_card,800
2763,1375,coupon,300
2764,1376,credit_card,700
2765,1377,gift_card,300
2766,1378,coupon,400
2767,1379,credit_card,800
2768,1379,coupon,100
2769,1379,credit_card,100
2770,1380,coupon,600
2771,1381,credit_card,500
2772,1381,bank_transfer,200
2773,1382,coupon,400
2774,1382,credit_card,200
2775,1383,credit_card,500
2776,1383,bank_transfer,400
2777,1384,bank_transfer,200
2778,1385,bank_transfer,200
2779,1386,credit_card,500
2780,1386,bank_transfer,200
2781,1386,credit_card,300
2782,1387,credit_card,300
2783,1387,gift_card,500
2784,1388,credit_card,300
2785,1388,credit_card,400
2786,1388,coupon,100
2787,1389,coupon,500
2788,1389,credit_card,100
2789,1389,coupon,100
2790,1390,coupon,300
2791,1390,bank_transfer,500
2792,1390,coupon,200
2793,1391,gift_card,300
2794,1391,bank_transfer,400
2795,1391,credit_card,300
2796,1392,gift_card,100
2797,1392,coupon,500
2798,1392,bank_transfer,400
2799,1393,credit_card,100
2800,1393,credit_card,800
2801,1394,coupon,800
2802,1395,bank_transfer,600
2803,1396,credit_card,400
2804,1396,gift_card,500
2805,1396,credit_card,100
2806,1397,credit_card,500
2807,1397,gift_card,400
2808,1397,bank_transfer,100
2809,1398,bank_transfer,800
2810,1399,coupon,100
2811,1400,bank_transfer,300
2812,1400,bank_transfer,400
2813,1400,gift_card,200
2814,1401,bank_transfer,100
2815,1401,coupon,300
2816,1402,credit_card,600
2817,1403,bank_transfer,400
2818,1403,coupon,100
2819,1404,credit_card,400
2820,1404,credit_card,300
2821,1405,credit_card,600
2822,1406,bank_transfer,700
2823,1406,credit_card,100
2824,1407,bank_transfer,100
2825,1408,gift_card,300
2826,1409,bank_transfer,100
2827,1410,bank_transfer,600
2828,1410,coupon,200
2829,1410,coupon,100
2830,1411,coupon,600
2831,1411,gift_card,200
2832,1411,gift_card,200
2833,1412,coupon,600
2834,1412,coupon,200
2835,1412,coupon,100
2836,1413,gift_card,500
2837,1414,credit_card,400
2838,1414,credit_card,500
2839,1415,credit_card,100
2840,1415,bank_transfer,200
2841,1416,gift_card,300
2842,1417,gift_card,400
2843,1417,gift_card,300
2844,1417,credit_card,100
2845,1418,gift_card,300
2846,1419,credit_card,800
2847,1419,gift_card,100
2848,1420,bank_transfer,100
2849,1420,gift_card,500
2850,1421,coupon,200
2851,1421,gift_card,500
2852,1421,gift_card,300
2853,1422,bank_transfer,500
2854,1422,credit_card,100
2855,1422,bank_transfer,400
2856,1423,gift_card,800
2857,1424,gift_card,500
2858,1425,gift_card,600
2859,1425,gift_card,300
2860,1426,credit_card,100
2861,1426,bank_transfer,100
2862,1426,gift_card,100
2863,1427,bank_transfer,800
2864,1428,gift_card,500
2865,1428,coupon,400
2866,1428,bank_transfer,100
2867,1429,credit_card,700
2868,1430,bank_transfer,700
2869,1430,credit_card,200
2870,1430,bank_transfer,100
2871,1431,coupon,200
2872,1431,coupon,600
2873,1431,credit_card,200
2874,1432,credit_card,500
2875,1433,credit_card,600
2876,1433,credit_card,200
2877,1433,gift_card,100
2878,1434,coupon,300
2879,1434,coupon,400
2880,1434,bank_transfer,300
2881,1435,gift_card,800
2882,1435,gift_card,100
2883,1435,gift_card,100
2884,1436,coupon,100
2885,1436,coupon,500
2886,1436,coupon,400
2887,1437,gift_card,600
2888,1437,gift_card,100
2889,1438,bank_transfer,600
2890,1438,gift_card,100
2891,1439,coupon,600
2892,1439,bank_transfer,300
2893,1440,coupon,100
2894,1440,coupon,800
2895,1440,bank_transfer,100
2896,1441,credit_card,600
2897,1441,bank_transfer,300
2898,1441,credit_card,100
2899,1442,bank_transfer,800
2900,1442,bank_transfer,100
2901,1442,gift_card,100
2902,1443,bank_transfer,700
2903,1443,credit_card,100
2904,1443,gift_card,100
2905,1444,bank_transfer,200
2906,1445,bank_transfer,600
2907,1445,coupon,300
2908,1445,bank_transfer,100
2909,1446,credit_card,500
2910,1446,coupon,400
2911,1446,coupon,100
2912,1447,coupon,500
2913,1448,credit_card,800
2914,1448,bank_transfer,100
2915,1449,bank_transfer,100
2916,1449,bank_transfer,200
2917,1450,bank_transfer,100
2918,1450,bank_transfer,600
2919,1451,gift_card,300
2920,1452,bank_transfer,800
2921,1452,credit_card,100
2922,1452,credit_card,100
2923,1453,gift_card,400
2924,1453,bank_transfer,200
2925,1454,coupon,300
2926,1454,gift_card,200
2927,1454,gift_card,500
2928,1455,coupon,100
2929,1455,coupon,500
2930,1456,coupon,700
2931,1457,gift_card,200
2932,1458,coupon,200
2933,1459,credit_card,300
2934,1460,bank_transfer,400
2935,1460,bank_transfer,500
2936,1460,coupon,100
2937,1461,credit_card,300
2938,1461,gift_card,400
2939,1461,credit_card,300
2940,1462,coupon,100
2941,1463,bank_transfer,100
2942,1464,credit_card,600
2943,1464,credit_card,100
2944,1464,gift_card,100
2945,1465,gift_card,800
2946,1465,credit_card,100
2947,1465,bank_transfer,100
2948,1466,bank_transfer,400
2949,1466,coupon,100
2950,1467,bank_transfer,800
2951,1468,coupon,500
2952,1468,bank_transfer,100
2953,1469,credit_card,100
2954,1469,credit_card,500
2955,1470,bank_transfer,500
2956,1470,coupon,300
2957,1470,gift_card,100
2958,1471,bank_transfer,400
2959,1471,bank_transfer,500
2960,1472,bank_transfer,400
2961,1472,credit_card,500
2962,1473,gift_card,700
2963,1474,credit_card,100
2964,1474,bank_transfer,300
2965,1475,credit_card,800
2966,1475,bank_transfer,100
2967,1476,gift_card,400
2968,1476,gift_card,200
2969,1477,gift_card,300
2970,1477,coupon,600
2971,1477,coupon,100
2972,1478,coupon,100
2973,1478,credit_card,700
2974,1479,coupon,600
2975,1480,gift_card,500
2976,1480,coupon,400
2977,1481,bank_transfer,500
2978,1481,coupon,100
2979,1481,gift_card,300
2980,1482,gift_card,600
2981,1482,coupon,200
2982,1483,bank_transfer,700
2983,1483,coupon,200
2984,1484,bank_transfer,100
2985,1484,credit_card,800
2986,1485,coupon,600
2987,1485,gift_card,300
2988,1485,bank_transfer,100
2989,1486,coupon,700
2990,1486,credit_card,100
2991,1487,gift_card,200
2992,1487,gift_card,700
2993,1488,bank_transfer,200
2994,1489,bank_transfer,800
2995,1489,coupon,100
2996,1490,coupon,700
2997,1490,bank_transfer,100
2998,1491,bank_transfer,400
2999,1492,credit_card,800
3000,1492,credit_card,100
3001,1493,bank_transfer,500
3002,1494,gift_card,700
3003,1495,gift_card,300
3004,1496,coupon,600
3005,1497,bank_transfer,800
3006,1498,coupon,500
3007,1498,gift_card,100
3008,1498,coupon,200
3009,1499,gift_card,200
3010,1499,gift_card,100
3011,1499,credit_card,400
3012,1500,credit_card,400
3013,1500,bank_transfer,400
3014,1500,credit_card,200
